{
  "units": "seconds",
  "size": [
    1024,
    2048,
    4096,
    8192,
    16384,
    32768,
    65536,
    131072,
    262144,
    524288,
    1048576
  ],
  "cpu": [
    0.0011607170104980468,
    0.0011008024215698243,
    0.002193903923034668,
    0.004292488098144531,
    0.008454656600952149,
    0.017504000663757326,
    0.03464906215667725,
    0.06817257404327393,
    0.13459813594818115,
    0.27353873252868655,
    0.5426648855209351
  ],
  "gpu": [
    2.134399991482496e-5,
    2.716479990631342e-5,
    3.962560035288334e-5,
    5.493120029568673e-5,
    7.951679974794387e-5,
    0.00013001919835805892,
    0.0002471775978803635,
    0.00050314559340477,
    0.0009637407958507538,
    0.0018968703985214233,
    0.0037489343881607056
  ]
}
